{"0.8299900473147088":{"user_id":4},"0.03744136606891879":{"user_id":5},"0.7151920364428426":{"user_id":7},"0.16088032770203498":{"user_id":7},"0.18433261734348472":{"user_id":7},"0.3951387303367502":{"user_id":7}}